feature,mean_abs_shap,selected,index_in_selected,config_name,model_name,original_f1,original_auc
rev_neg_sucrose,0.256641239,TRUE,1,standard_random_forest_175f(30%)_NoBalance,XGBoost,0.842539683,0.975
rev_pos_dimethylarginine,0.220378011,TRUE,1,standard_random_forest_175f(30%)_NoBalance,XGBoost,0.842539683,0.975
rev_pos_3-hydroxybutyrylcarnitine,0.150132075,TRUE,1,standard_random_forest_175f(30%)_NoBalance,XGBoost,0.842539683,0.975
rev_neg_3-hydroxyhexanoate,0.103608504,TRUE,1,standard_random_forest_175f(30%)_NoBalance,XGBoost,0.842539683,0.975
fwd_pos_hexanoylcarnitine,0.08494024,TRUE,1,standard_random_forest_175f(30%)_NoBalance,XGBoost,0.842539683,0.975
rev_pos_3-hydroxybutyrylcarnitine ,0.084491834,TRUE,1,standard_random_forest_175f(30%)_NoBalance,XGBoost,0.842539683,0.975
rev_neg_N6-succinyladenosine,0.055478971,TRUE,1,standard_random_forest_175f(30%)_NoBalance,XGBoost,0.842539683,0.975
rev_neg_docosahexaenoate,0.053839229,TRUE,1,standard_random_forest_175f(30%)_NoBalance,XGBoost,0.842539683,0.975
"rev_neg_5,6-dihydrothymine",0.038667999,TRUE,1,standard_random_forest_175f(30%)_NoBalance,XGBoost,0.842539683,0.975
fwd_pos_laurylcarnitine,0.035398893,TRUE,1,standard_random_forest_175f(30%)_NoBalance,XGBoost,0.842539683,0.975
fwd_pos_sphingomyelin,0.024903724,TRUE,1,standard_random_forest_175f(30%)_NoBalance,XGBoost,0.842539683,0.975
fwd_pos_myristoleoylcarnitine,0.022860961,TRUE,1,standard_random_forest_175f(30%)_NoBalance,XGBoost,0.842539683,0.975
fwd_pos_cholate,0.011735483,TRUE,1,standard_random_forest_175f(30%)_NoBalance,XGBoost,0.842539683,0.975
rev_neg_10-nonadecenoate,0.011532623,TRUE,1,standard_random_forest_175f(30%)_NoBalance,XGBoost,0.842539683,0.975
rev_neg_C-glycosyltryptophan,0.010228774,TRUE,1,standard_random_forest_175f(30%)_NoBalance,XGBoost,0.842539683,0.975
rev_neg_4-allylphenol sulfate,0,FALSE,1,standard_random_forest_175f(30%)_NoBalance,XGBoost,0.842539683,0.975
rev_neg_3-methyl-2-oxovalerate,0,FALSE,1,standard_random_forest_175f(30%)_NoBalance,XGBoost,0.842539683,0.975
rev_neg_3-methylhistidine,0,FALSE,1,standard_random_forest_175f(30%)_NoBalance,XGBoost,0.842539683,0.975
rev_neg_3-methylxanthine,0,FALSE,1,standard_random_forest_175f(30%)_NoBalance,XGBoost,0.842539683,0.975
rev_neg_3b-hydroxy-5-cholenoic acid,0,FALSE,1,standard_random_forest_175f(30%)_NoBalance,XGBoost,0.842539683,0.975
rev_neg_4-acetamidobutanoate,0,FALSE,1,standard_random_forest_175f(30%)_NoBalance,XGBoost,0.842539683,0.975
rev_neg_aconitate [cis or trans],0,TRUE,1,standard_random_forest_175f(30%)_NoBalance,XGBoost,0.842539683,0.975
rev_neg_3-methyl catechol sulfate,0,FALSE,1,standard_random_forest_175f(30%)_NoBalance,XGBoost,0.842539683,0.975
rev_neg_androsterone sulfate,0,TRUE,1,standard_random_forest_175f(30%)_NoBalance,XGBoost,0.842539683,0.975
rev_neg_andro steroid monosulfate (1),0,FALSE,1,standard_random_forest_175f(30%)_NoBalance,XGBoost,0.842539683,0.975
rev_neg_alpha-ketobutyrate,0,TRUE,1,standard_random_forest_175f(30%)_NoBalance,XGBoost,0.842539683,0.975
"rev_neg_4-androsten-3alpha,17alpha-diol monosulfate (2)",0,FALSE,1,standard_random_forest_175f(30%)_NoBalance,XGBoost,0.842539683,0.975
"rev_neg_4-androsten-3alpha,17alpha-diol monosulfate (3)",0,FALSE,1,standard_random_forest_175f(30%)_NoBalance,XGBoost,0.842539683,0.975
rev_neg_3-methyl-2-oxobutyrate,0,TRUE,1,standard_random_forest_175f(30%)_NoBalance,XGBoost,0.842539683,0.975
rev_neg_3-indoxyl sulfate,0,TRUE,1,standard_random_forest_175f(30%)_NoBalance,XGBoost,0.842539683,0.975
"rev_neg_4-androsten-3beta,17beta-diol disulfate (2)",0,TRUE,1,standard_random_forest_175f(30%)_NoBalance,XGBoost,0.842539683,0.975
rev_neg_3-hydroxysebacate,0,TRUE,1,standard_random_forest_175f(30%)_NoBalance,XGBoost,0.842539683,0.975
rev_neg_3-hydroxypyridine sulfate,0,FALSE,1,standard_random_forest_175f(30%)_NoBalance,XGBoost,0.842539683,0.975
rev_neg_arachidate (20:0),0,FALSE,1,standard_random_forest_175f(30%)_NoBalance,XGBoost,0.842539683,0.975
rev_neg_3-hydroxyoctanoate,0,FALSE,1,standard_random_forest_175f(30%)_NoBalance,XGBoost,0.842539683,0.975
rev_neg_3-hydroxymyristate,0,TRUE,1,standard_random_forest_175f(30%)_NoBalance,XGBoost,0.842539683,0.975
rev_neg_3-hydroxylaurate,0,FALSE,1,standard_random_forest_175f(30%)_NoBalance,XGBoost,0.842539683,0.975
rev_neg_arachidonate (20:4n6),0,FALSE,1,standard_random_forest_175f(30%)_NoBalance,XGBoost,0.842539683,0.975
rev_neg_3-hydroxydecanoate,0,FALSE,1,standard_random_forest_175f(30%)_NoBalance,XGBoost,0.842539683,0.975
rev_neg_3-carboxy-4-methyl-5-propyl-2-furanpropanoate (CMPF),0,FALSE,1,standard_random_forest_175f(30%)_NoBalance,XGBoost,0.842539683,0.975
rev_neg_3-(4-hydroxyphenyl)lactate,0,FALSE,1,standard_random_forest_175f(30%)_NoBalance,XGBoost,0.842539683,0.975
rev_neg_21-hydroxypregnenolone disulfate,0,TRUE,1,standard_random_forest_175f(30%)_NoBalance,XGBoost,0.842539683,0.975
rev_neg_2-stearoyl-GPE (18:0),0,FALSE,1,standard_random_forest_175f(30%)_NoBalance,XGBoost,0.842539683,0.975
rev_neg_2-palmitoylglycerol (16:0),0,FALSE,1,standard_random_forest_175f(30%)_NoBalance,XGBoost,0.842539683,0.975
"rev_neg_4-androsten-3beta,17beta-diol disulfate (1)",0,FALSE,1,standard_random_forest_175f(30%)_NoBalance,XGBoost,0.842539683,0.975
"rev_neg_4-androsten-3beta,17beta-diol monosulfate (1)",0,TRUE,1,standard_random_forest_175f(30%)_NoBalance,XGBoost,0.842539683,0.975
rev_neg_acisoga,0,FALSE,1,standard_random_forest_175f(30%)_NoBalance,XGBoost,0.842539683,0.975
"rev_neg_5alpha-androstan-3beta,17alpha-diol disulfate",0,TRUE,1,standard_random_forest_175f(30%)_NoBalance,XGBoost,0.842539683,0.975
rev_neg_9-hydroxystearate,0,FALSE,1,standard_random_forest_175f(30%)_NoBalance,XGBoost,0.842539683,0.975
"rev_neg_9,10-DiHOME",0,FALSE,1,standard_random_forest_175f(30%)_NoBalance,XGBoost,0.842539683,0.975
rev_neg_7-methylurate,0,FALSE,1,standard_random_forest_175f(30%)_NoBalance,XGBoost,0.842539683,0.975
rev_neg_7-alpha-hydroxy-3-oxo-4-cholestenoate (7-Hoca),0,FALSE,1,standard_random_forest_175f(30%)_NoBalance,XGBoost,0.842539683,0.975
rev_neg_6-oxopiperidine-2-carboxylic acid,0,FALSE,1,standard_random_forest_175f(30%)_NoBalance,XGBoost,0.842539683,0.975
rev_neg_adrenate (22:4n6),0,FALSE,1,standard_random_forest_175f(30%)_NoBalance,XGBoost,0.842539683,0.975
rev_neg_6-hydroxyindole sulfate,0,TRUE,1,standard_random_forest_175f(30%)_NoBalance,XGBoost,0.842539683,0.975
"rev_neg_5alpha-pregnan-3beta,20beta-diol monosulfate (1)",0,FALSE,1,standard_random_forest_175f(30%)_NoBalance,XGBoost,0.842539683,0.975
"rev_neg_5alpha-pregnan-3beta,20alpha-diol monosulfate (2)",0,FALSE,1,standard_random_forest_175f(30%)_NoBalance,XGBoost,0.842539683,0.975
"rev_neg_5alpha-pregnan-3beta,20alpha-diol disulfate",0,FALSE,1,standard_random_forest_175f(30%)_NoBalance,XGBoost,0.842539683,0.975
"rev_neg_5alpha-pregnan-3(alpha or beta),20beta-diol disulfate",0,FALSE,1,standard_random_forest_175f(30%)_NoBalance,XGBoost,0.842539683,0.975
rev_neg_alpha-hydroxyisocaproate,0,FALSE,1,standard_random_forest_175f(30%)_NoBalance,XGBoost,0.842539683,0.975
"rev_neg_5alpha-androstan-3beta,17beta-diol monosulfate (2)",0,FALSE,1,standard_random_forest_175f(30%)_NoBalance,XGBoost,0.842539683,0.975
"rev_neg_5alpha-androstan-3beta,17beta-diol disulfate",0,FALSE,1,standard_random_forest_175f(30%)_NoBalance,XGBoost,0.842539683,0.975
"rev_neg_5alpha-androstan-3alpha,17beta-diol monosulfate (1)",0,FALSE,1,standard_random_forest_175f(30%)_NoBalance,XGBoost,0.842539683,0.975
"rev_neg_4-androsten-3beta,17beta-diol monosulfate (2)",0,FALSE,1,standard_random_forest_175f(30%)_NoBalance,XGBoost,0.842539683,0.975
"rev_neg_5alpha-androstan-3alpha,17beta-diol disulfate",0,TRUE,1,standard_random_forest_175f(30%)_NoBalance,XGBoost,0.842539683,0.975
rev_neg_5-oxoproline,0,FALSE,1,standard_random_forest_175f(30%)_NoBalance,XGBoost,0.842539683,0.975
rev_neg_5-methyluridine (ribothymidine),0,FALSE,1,standard_random_forest_175f(30%)_NoBalance,XGBoost,0.842539683,0.975
rev_neg_5-hydroxyhexanoate,0,FALSE,1,standard_random_forest_175f(30%)_NoBalance,XGBoost,0.842539683,0.975
rev_neg_5-dodecenoate (12:1n7),0,FALSE,1,standard_random_forest_175f(30%)_NoBalance,XGBoost,0.842539683,0.975
rev_neg_5-bromotryptophan,0,TRUE,1,standard_random_forest_175f(30%)_NoBalance,XGBoost,0.842539683,0.975
rev_neg_alpha-hydroxyisovalerate,0,FALSE,1,standard_random_forest_175f(30%)_NoBalance,XGBoost,0.842539683,0.975
rev_neg_4-vinylphenol sulfate,0,TRUE,1,standard_random_forest_175f(30%)_NoBalance,XGBoost,0.842539683,0.975
rev_neg_4-methylcatechol sulfate,0,TRUE,1,standard_random_forest_175f(30%)_NoBalance,XGBoost,0.842539683,0.975
rev_neg_4-methyl-2-oxopentanoate,0,TRUE,1,standard_random_forest_175f(30%)_NoBalance,XGBoost,0.842539683,0.975
rev_neg_4-hydroxyphenylpyruvate,0,TRUE,1,standard_random_forest_175f(30%)_NoBalance,XGBoost,0.842539683,0.975
rev_neg_4-hydroxyhippurate,0,FALSE,1,standard_random_forest_175f(30%)_NoBalance,XGBoost,0.842539683,0.975
rev_neg_4-hydroxychlorothalonil,0,FALSE,1,standard_random_forest_175f(30%)_NoBalance,XGBoost,0.842539683,0.975
rev_neg_4-ethylphenylsulfate,0,FALSE,1,standard_random_forest_175f(30%)_NoBalance,XGBoost,0.842539683,0.975
"fwd_pos_1,2-dilinoleoyl-GPC (18:2/18:2)",0,FALSE,1,standard_random_forest_175f(30%)_NoBalance,XGBoost,0.842539683,0.975
rev_neg_2-methylcitrate/homocitrate,0,FALSE,1,standard_random_forest_175f(30%)_NoBalance,XGBoost,0.842539683,0.975
rev_neg_2-palmitoleoylglycerol (16:1),0,FALSE,1,standard_random_forest_175f(30%)_NoBalance,XGBoost,0.842539683,0.975
rev_neg_1-linoleoyl-GPI (18:2),0,FALSE,1,standard_random_forest_175f(30%)_NoBalance,XGBoost,0.842539683,0.975
rev_pos_tyrosine,0,FALSE,1,standard_random_forest_175f(30%)_NoBalance,XGBoost,0.842539683,0.975
rev_pos_urea,0,TRUE,1,standard_random_forest_175f(30%)_NoBalance,XGBoost,0.842539683,0.975
rev_pos_valine,0,TRUE,1,standard_random_forest_175f(30%)_NoBalance,XGBoost,0.842539683,0.975
rev_pos_xanthurenate,0,TRUE,1,standard_random_forest_175f(30%)_NoBalance,XGBoost,0.842539683,0.975
"rev_neg_1,3,7-trimethylurate",0,FALSE,1,standard_random_forest_175f(30%)_NoBalance,XGBoost,0.842539683,0.975
"rev_neg_1,3-dimethylurate",0,FALSE,1,standard_random_forest_175f(30%)_NoBalance,XGBoost,0.842539683,0.975
"rev_neg_1,5-anhydroglucitol (1,5-AG)",0,TRUE,1,standard_random_forest_175f(30%)_NoBalance,XGBoost,0.842539683,0.975
"rev_neg_1,7-dimethylurate",0,FALSE,1,standard_random_forest_175f(30%)_NoBalance,XGBoost,0.842539683,0.975
rev_neg_1-(1-enyl-stearoyl)-GPE (P-18:0),0,FALSE,1,standard_random_forest_175f(30%)_NoBalance,XGBoost,0.842539683,0.975
rev_neg_1-arachidonoyl-GPI (20:4),0,FALSE,1,standard_random_forest_175f(30%)_NoBalance,XGBoost,0.842539683,0.975
rev_neg_1-arachidonylglycerol (20:4),0,FALSE,1,standard_random_forest_175f(30%)_NoBalance,XGBoost,0.842539683,0.975
rev_neg_1-dihomo-linolenylglycerol (20:3),0,FALSE,1,standard_random_forest_175f(30%)_NoBalance,XGBoost,0.842539683,0.975
rev_neg_1-dihomo-linoleoylglycerol (20:2),0,TRUE,1,standard_random_forest_175f(30%)_NoBalance,XGBoost,0.842539683,0.975
rev_neg_1-docosahexaenoylglycerol (22:6),0,TRUE,1,standard_random_forest_175f(30%)_NoBalance,XGBoost,0.842539683,0.975
rev_neg_1-linolenoylglycerol (18:3),0,TRUE,1,standard_random_forest_175f(30%)_NoBalance,XGBoost,0.842539683,0.975
rev_pos_tryptophan betaine,0,FALSE,1,standard_random_forest_175f(30%)_NoBalance,XGBoost,0.842539683,0.975
rev_pos_tryptophan,0,FALSE,1,standard_random_forest_175f(30%)_NoBalance,XGBoost,0.842539683,0.975
rev_pos_trimethylamine N-oxide,0,FALSE,1,standard_random_forest_175f(30%)_NoBalance,XGBoost,0.842539683,0.975
rev_pos_succinylcarnitine,0,FALSE,1,standard_random_forest_175f(30%)_NoBalance,XGBoost,0.842539683,0.975
rev_pos_S-1-pyrroline-5-carboxylate,0,FALSE,1,standard_random_forest_175f(30%)_NoBalance,XGBoost,0.842539683,0.975
rev_pos_S-allylcysteine,0,FALSE,1,standard_random_forest_175f(30%)_NoBalance,XGBoost,0.842539683,0.975
rev_pos_sarcosine (N-Methylglycine),0,FALSE,1,standard_random_forest_175f(30%)_NoBalance,XGBoost,0.842539683,0.975
rev_pos_serotonin,0,FALSE,1,standard_random_forest_175f(30%)_NoBalance,XGBoost,0.842539683,0.975
rev_pos_stachydrine,0,TRUE,1,standard_random_forest_175f(30%)_NoBalance,XGBoost,0.842539683,0.975
rev_pos_suberoylcarnitine,0,TRUE,1,standard_random_forest_175f(30%)_NoBalance,XGBoost,0.842539683,0.975
rev_pos_taurine,0,FALSE,1,standard_random_forest_175f(30%)_NoBalance,XGBoost,0.842539683,0.975
rev_pos_trigonelline (N'-methylnicotinate),0,TRUE,1,standard_random_forest_175f(30%)_NoBalance,XGBoost,0.842539683,0.975
rev_pos_theobromine,0,FALSE,1,standard_random_forest_175f(30%)_NoBalance,XGBoost,0.842539683,0.975
rev_pos_thioproline,0,FALSE,1,standard_random_forest_175f(30%)_NoBalance,XGBoost,0.842539683,0.975
rev_pos_threonine,0,FALSE,1,standard_random_forest_175f(30%)_NoBalance,XGBoost,0.842539683,0.975
rev_pos_threonylphenylalanine,0,FALSE,1,standard_random_forest_175f(30%)_NoBalance,XGBoost,0.842539683,0.975
rev_pos_tiglylcarnitine,0,FALSE,1,standard_random_forest_175f(30%)_NoBalance,XGBoost,0.842539683,0.975
rev_pos_trans-urocanate,0,TRUE,1,standard_random_forest_175f(30%)_NoBalance,XGBoost,0.842539683,0.975
rev_neg_1-linoleoyl-GPA (18:2),0,FALSE,1,standard_random_forest_175f(30%)_NoBalance,XGBoost,0.842539683,0.975
rev_neg_1-linoleoylglycerol (18:2),0,TRUE,1,standard_random_forest_175f(30%)_NoBalance,XGBoost,0.842539683,0.975
rev_neg_2-oleoylglycerol (18:1),0,FALSE,1,standard_random_forest_175f(30%)_NoBalance,XGBoost,0.842539683,0.975
rev_neg_1-methylhistidine,0,FALSE,1,standard_random_forest_175f(30%)_NoBalance,XGBoost,0.842539683,0.975
rev_neg_16-hydroxypalmitate,0,FALSE,1,standard_random_forest_175f(30%)_NoBalance,XGBoost,0.842539683,0.975
rev_neg_16a-hydroxy DHEA 3-sulfate,0,FALSE,1,standard_random_forest_175f(30%)_NoBalance,XGBoost,0.842539683,0.975
rev_neg_17-methylstearate,0,TRUE,1,standard_random_forest_175f(30%)_NoBalance,XGBoost,0.842539683,0.975
rev_neg_2'-deoxyuridine,0,TRUE,1,standard_random_forest_175f(30%)_NoBalance,XGBoost,0.842539683,0.975
rev_neg_2-aminoadipate,0,FALSE,1,standard_random_forest_175f(30%)_NoBalance,XGBoost,0.842539683,0.975
rev_neg_2-aminobutyrate,0,TRUE,1,standard_random_forest_175f(30%)_NoBalance,XGBoost,0.842539683,0.975
rev_neg_2-arachidonoylglycerol (20:4),0,FALSE,1,standard_random_forest_175f(30%)_NoBalance,XGBoost,0.842539683,0.975
rev_neg_2-hydroxy-3-methylvalerate,0,FALSE,1,standard_random_forest_175f(30%)_NoBalance,XGBoost,0.842539683,0.975
rev_neg_2-hydroxydecanoate,0,FALSE,1,standard_random_forest_175f(30%)_NoBalance,XGBoost,0.842539683,0.975
rev_neg_2-hydroxyhippurate (salicylurate),0,FALSE,1,standard_random_forest_175f(30%)_NoBalance,XGBoost,0.842539683,0.975
rev_neg_2-hydroxyoctanoate,0,FALSE,1,standard_random_forest_175f(30%)_NoBalance,XGBoost,0.842539683,0.975
rev_neg_2-hydroxypalmitate,0,FALSE,1,standard_random_forest_175f(30%)_NoBalance,XGBoost,0.842539683,0.975
rev_neg_2-hydroxystearate,0,FALSE,1,standard_random_forest_175f(30%)_NoBalance,XGBoost,0.842539683,0.975
rev_neg_2-linoleoylglycerol (18:2),0,FALSE,1,standard_random_forest_175f(30%)_NoBalance,XGBoost,0.842539683,0.975
rev_neg_azelate (nonanedioate),0,FALSE,1,standard_random_forest_175f(30%)_NoBalance,XGBoost,0.842539683,0.975
rev_neg_15-methylpalmitate,0,TRUE,1,standard_random_forest_175f(30%)_NoBalance,XGBoost,0.842539683,0.975
rev_neg_13-methylmyristate,0,FALSE,1,standard_random_forest_175f(30%)_NoBalance,XGBoost,0.842539683,0.975
rev_neg_13-HODE + 9-HODE,0,FALSE,1,standard_random_forest_175f(30%)_NoBalance,XGBoost,0.842539683,0.975
rev_neg_1-palmitoleoylglycerol (16:1),0,FALSE,1,standard_random_forest_175f(30%)_NoBalance,XGBoost,0.842539683,0.975
rev_neg_1-methylurate,0,FALSE,1,standard_random_forest_175f(30%)_NoBalance,XGBoost,0.842539683,0.975
rev_neg_1-methylxanthine,0,FALSE,1,standard_random_forest_175f(30%)_NoBalance,XGBoost,0.842539683,0.975
rev_neg_1-myristoylglycerol (14:0),0,FALSE,1,standard_random_forest_175f(30%)_NoBalance,XGBoost,0.842539683,0.975
rev_neg_1-oleoyl-GPA (18:1),0,FALSE,1,standard_random_forest_175f(30%)_NoBalance,XGBoost,0.842539683,0.975
rev_neg_1-oleoyl-GPI (18:1),0,FALSE,1,standard_random_forest_175f(30%)_NoBalance,XGBoost,0.842539683,0.975
rev_neg_1-oleoylglycerol (18:1),0,FALSE,1,standard_random_forest_175f(30%)_NoBalance,XGBoost,0.842539683,0.975
rev_neg_1-palmitoyl-GPA (16:0),0,FALSE,1,standard_random_forest_175f(30%)_NoBalance,XGBoost,0.842539683,0.975
rev_neg_12-HETE,0,FALSE,1,standard_random_forest_175f(30%)_NoBalance,XGBoost,0.842539683,0.975
rev_neg_1-palmitoyl-GPI (16:0),0,FALSE,1,standard_random_forest_175f(30%)_NoBalance,XGBoost,0.842539683,0.975
rev_neg_1-palmitoylglycerol (16:0),0,FALSE,1,standard_random_forest_175f(30%)_NoBalance,XGBoost,0.842539683,0.975
rev_neg_1-stearoyl-GPI (18:0),0,FALSE,1,standard_random_forest_175f(30%)_NoBalance,XGBoost,0.842539683,0.975
rev_neg_10-heptadecenoate (17:1n7),0,TRUE,1,standard_random_forest_175f(30%)_NoBalance,XGBoost,0.842539683,0.975
rev_neg_10-undecenoate (11:1n1),0,TRUE,1,standard_random_forest_175f(30%)_NoBalance,XGBoost,0.842539683,0.975
"rev_neg_12,13-DiHOME",0,FALSE,1,standard_random_forest_175f(30%)_NoBalance,XGBoost,0.842539683,0.975
rev_neg_aspartate,0,FALSE,1,standard_random_forest_175f(30%)_NoBalance,XGBoost,0.842539683,0.975
rev_neg_biliverdin,0,FALSE,1,standard_random_forest_175f(30%)_NoBalance,XGBoost,0.842539683,0.975
rev_neg_benzoate,0,FALSE,1,standard_random_forest_175f(30%)_NoBalance,XGBoost,0.842539683,0.975
rev_neg_oxalate (ethanedioate),0,FALSE,1,standard_random_forest_175f(30%)_NoBalance,XGBoost,0.842539683,0.975
rev_neg_N6-carbamoylthreonyladenosine,0,TRUE,1,standard_random_forest_175f(30%)_NoBalance,XGBoost,0.842539683,0.975
rev_neg_nonadecanoate (19:0),0,FALSE,1,standard_random_forest_175f(30%)_NoBalance,XGBoost,0.842539683,0.975
rev_neg_O-methylcatechol sulfate,0,FALSE,1,standard_random_forest_175f(30%)_NoBalance,XGBoost,0.842539683,0.975
rev_neg_O-sulfo-L-tyrosine,0,FALSE,1,standard_random_forest_175f(30%)_NoBalance,XGBoost,0.842539683,0.975
rev_neg_octadecanedioate,0,FALSE,1,standard_random_forest_175f(30%)_NoBalance,XGBoost,0.842539683,0.975
rev_neg_oleate/vaccenate (18:1),0,TRUE,1,standard_random_forest_175f(30%)_NoBalance,XGBoost,0.842539683,0.975
rev_neg_p-cresol sulfate,0,FALSE,1,standard_random_forest_175f(30%)_NoBalance,XGBoost,0.842539683,0.975
rev_neg_N-palmitoylglycine,0,TRUE,1,standard_random_forest_175f(30%)_NoBalance,XGBoost,0.842539683,0.975
rev_neg_palmitate (16:0),0,TRUE,1,standard_random_forest_175f(30%)_NoBalance,XGBoost,0.842539683,0.975
rev_neg_palmitic amide,0,FALSE,1,standard_random_forest_175f(30%)_NoBalance,XGBoost,0.842539683,0.975
rev_neg_palmitoleate (16:1n7),0,FALSE,1,standard_random_forest_175f(30%)_NoBalance,XGBoost,0.842539683,0.975
rev_neg_palmitoyl ethanolamide,0,TRUE,1,standard_random_forest_175f(30%)_NoBalance,XGBoost,0.842539683,0.975
rev_neg_pantothenate,0,FALSE,1,standard_random_forest_175f(30%)_NoBalance,XGBoost,0.842539683,0.975
rev_neg_paraxanthine,0,FALSE,1,standard_random_forest_175f(30%)_NoBalance,XGBoost,0.842539683,0.975
rev_neg_N6-acetyllysine,0,TRUE,1,standard_random_forest_175f(30%)_NoBalance,XGBoost,0.842539683,0.975
rev_neg_N-oleoyltaurine,0,TRUE,1,standard_random_forest_175f(30%)_NoBalance,XGBoost,0.842539683,0.975
rev_neg_phenol sulfate,0,FALSE,1,standard_random_forest_175f(30%)_NoBalance,XGBoost,0.842539683,0.975
rev_neg_N-acetylmethionine,0,FALSE,1,standard_random_forest_175f(30%)_NoBalance,XGBoost,0.842539683,0.975
rev_neg_N-acetylcitrulline,0,FALSE,1,standard_random_forest_175f(30%)_NoBalance,XGBoost,0.842539683,0.975
rev_neg_N-acetylglutamine,0,FALSE,1,standard_random_forest_175f(30%)_NoBalance,XGBoost,0.842539683,0.975
rev_neg_N-acetylglycine,0,FALSE,1,standard_random_forest_175f(30%)_NoBalance,XGBoost,0.842539683,0.975
rev_neg_N-acetylhistidine,0,FALSE,1,standard_random_forest_175f(30%)_NoBalance,XGBoost,0.842539683,0.975
rev_neg_N-acetylisoleucine,0,FALSE,1,standard_random_forest_175f(30%)_NoBalance,XGBoost,0.842539683,0.975
rev_neg_N-acetylleucine,0,TRUE,1,standard_random_forest_175f(30%)_NoBalance,XGBoost,0.842539683,0.975
rev_neg_N-acetylphenylalanine,0,TRUE,1,standard_random_forest_175f(30%)_NoBalance,XGBoost,0.842539683,0.975
rev_neg_N-linoleoylglycine,0,FALSE,1,standard_random_forest_175f(30%)_NoBalance,XGBoost,0.842539683,0.975
rev_neg_N-acetyltaurine,0,FALSE,1,standard_random_forest_175f(30%)_NoBalance,XGBoost,0.842539683,0.975
rev_neg_N-acetyltryptophan,0,FALSE,1,standard_random_forest_175f(30%)_NoBalance,XGBoost,0.842539683,0.975
rev_neg_N-acetyltyrosine,0,TRUE,1,standard_random_forest_175f(30%)_NoBalance,XGBoost,0.842539683,0.975
rev_neg_N-acetylvaline,0,TRUE,1,standard_random_forest_175f(30%)_NoBalance,XGBoost,0.842539683,0.975
rev_neg_N-formylmethionine,0,TRUE,1,standard_random_forest_175f(30%)_NoBalance,XGBoost,0.842539683,0.975
rev_neg_N-formylphenylalanine,0,FALSE,1,standard_random_forest_175f(30%)_NoBalance,XGBoost,0.842539683,0.975
rev_neg_pentadecanoate (15:0),0,FALSE,1,standard_random_forest_175f(30%)_NoBalance,XGBoost,0.842539683,0.975
rev_neg_phenyllactate (PLA),0,FALSE,1,standard_random_forest_175f(30%)_NoBalance,XGBoost,0.842539683,0.975
rev_neg_myristoleate (14:1n5),0,FALSE,1,standard_random_forest_175f(30%)_NoBalance,XGBoost,0.842539683,0.975
rev_neg_thymol sulfate,0,TRUE,1,standard_random_forest_175f(30%)_NoBalance,XGBoost,0.842539683,0.975
rev_neg_taurocholate,0,FALSE,1,standard_random_forest_175f(30%)_NoBalance,XGBoost,0.842539683,0.975
rev_neg_taurocholenate sulfate,0,TRUE,1,standard_random_forest_175f(30%)_NoBalance,XGBoost,0.842539683,0.975
rev_neg_taurodeoxycholate,0,FALSE,1,standard_random_forest_175f(30%)_NoBalance,XGBoost,0.842539683,0.975
rev_neg_taurolithocholate 3-sulfate,0,FALSE,1,standard_random_forest_175f(30%)_NoBalance,XGBoost,0.842539683,0.975
rev_neg_tetradecanedioate,0,TRUE,1,standard_random_forest_175f(30%)_NoBalance,XGBoost,0.842539683,0.975
rev_neg_theophylline,0,TRUE,1,standard_random_forest_175f(30%)_NoBalance,XGBoost,0.842539683,0.975
rev_neg_thyroxine,0,FALSE,1,standard_random_forest_175f(30%)_NoBalance,XGBoost,0.842539683,0.975
rev_neg_sulfate,0,FALSE,1,standard_random_forest_175f(30%)_NoBalance,XGBoost,0.842539683,0.975
rev_neg_tricosenoate (23:1),0,FALSE,1,standard_random_forest_175f(30%)_NoBalance,XGBoost,0.842539683,0.975
rev_neg_uracil,0,TRUE,1,standard_random_forest_175f(30%)_NoBalance,XGBoost,0.842539683,0.975
rev_neg_urate,0,FALSE,1,standard_random_forest_175f(30%)_NoBalance,XGBoost,0.842539683,0.975
rev_neg_uridine,0,TRUE,1,standard_random_forest_175f(30%)_NoBalance,XGBoost,0.842539683,0.975
rev_neg_ursodeoxycholate,0,FALSE,1,standard_random_forest_175f(30%)_NoBalance,XGBoost,0.842539683,0.975
rev_neg_vanillylmandelate (VMA),0,TRUE,1,standard_random_forest_175f(30%)_NoBalance,XGBoost,0.842539683,0.975
rev_neg_taurochenodeoxycholate,0,FALSE,1,standard_random_forest_175f(30%)_NoBalance,XGBoost,0.842539683,0.975
rev_neg_suberate (octanedioate),0,FALSE,1,standard_random_forest_175f(30%)_NoBalance,XGBoost,0.842539683,0.975
rev_neg_phosphate,0,FALSE,1,standard_random_forest_175f(30%)_NoBalance,XGBoost,0.842539683,0.975
rev_neg_proline,0,FALSE,1,standard_random_forest_175f(30%)_NoBalance,XGBoost,0.842539683,0.975
rev_neg_phosphoethanolamine,0,FALSE,1,standard_random_forest_175f(30%)_NoBalance,XGBoost,0.842539683,0.975
rev_neg_pipecolate,0,FALSE,1,standard_random_forest_175f(30%)_NoBalance,XGBoost,0.842539683,0.975
rev_neg_pregn steroid monosulfate,0,FALSE,1,standard_random_forest_175f(30%)_NoBalance,XGBoost,0.842539683,0.975
rev_neg_pregnanediol-3-glucuronide,0,FALSE,1,standard_random_forest_175f(30%)_NoBalance,XGBoost,0.842539683,0.975
rev_neg_pregnen-diol disulfate,0,FALSE,1,standard_random_forest_175f(30%)_NoBalance,XGBoost,0.842539683,0.975
rev_neg_pregnenolone sulfate,0,FALSE,1,standard_random_forest_175f(30%)_NoBalance,XGBoost,0.842539683,0.975
rev_neg_propyl 4-hydroxybenzoate sulfate,0,FALSE,1,standard_random_forest_175f(30%)_NoBalance,XGBoost,0.842539683,0.975
rev_neg_stearidonate (18:4n3),0,FALSE,1,standard_random_forest_175f(30%)_NoBalance,XGBoost,0.842539683,0.975
rev_neg_pseudouridine,0,TRUE,1,standard_random_forest_175f(30%)_NoBalance,XGBoost,0.842539683,0.975
rev_neg_pyridoxate,0,FALSE,1,standard_random_forest_175f(30%)_NoBalance,XGBoost,0.842539683,0.975
rev_neg_S-methylcysteine,0,FALSE,1,standard_random_forest_175f(30%)_NoBalance,XGBoost,0.842539683,0.975
rev_neg_saccharin,0,FALSE,1,standard_random_forest_175f(30%)_NoBalance,XGBoost,0.842539683,0.975
rev_neg_sebacate (decanedioate),0,FALSE,1,standard_random_forest_175f(30%)_NoBalance,XGBoost,0.842539683,0.975
rev_neg_stearate (18:0),0,FALSE,1,standard_random_forest_175f(30%)_NoBalance,XGBoost,0.842539683,0.975
rev_neg_N-acetyl-beta-alanine,0,TRUE,1,standard_random_forest_175f(30%)_NoBalance,XGBoost,0.842539683,0.975
rev_neg_myristate (14:0),0,FALSE,1,standard_random_forest_175f(30%)_NoBalance,XGBoost,0.842539683,0.975
rev_neg_beta-hydroxyisovalerate,0,FALSE,1,standard_random_forest_175f(30%)_NoBalance,XGBoost,0.842539683,0.975
rev_neg_DSGEGDFXAEGGGVR,0,FALSE,1,standard_random_forest_175f(30%)_NoBalance,XGBoost,0.842539683,0.975
rev_neg_docosadienoate (22:2n6),0,TRUE,1,standard_random_forest_175f(30%)_NoBalance,XGBoost,0.842539683,0.975
rev_neg_docosapentaenoate (n3 DPA; 22:5n3),0,TRUE,1,standard_random_forest_175f(30%)_NoBalance,XGBoost,0.842539683,0.975
rev_neg_docosapentaenoate (n6 DPA; 22:5n6),0,TRUE,1,standard_random_forest_175f(30%)_NoBalance,XGBoost,0.842539683,0.975
rev_neg_docosatrienoate (22:3n3),0,FALSE,1,standard_random_forest_175f(30%)_NoBalance,XGBoost,0.842539683,0.975
rev_neg_dodecanedioate,0,FALSE,1,standard_random_forest_175f(30%)_NoBalance,XGBoost,0.842539683,0.975
rev_neg_dopamine sulfate (2),0,TRUE,1,standard_random_forest_175f(30%)_NoBalance,XGBoost,0.842539683,0.975
rev_neg_eicosanodioate,0,FALSE,1,standard_random_forest_175f(30%)_NoBalance,XGBoost,0.842539683,0.975
rev_neg_dihomo-linoleate (20:2n6),0,FALSE,1,standard_random_forest_175f(30%)_NoBalance,XGBoost,0.842539683,0.975
rev_neg_eicosapentaenoate (EPA; 20:5n3),0,FALSE,1,standard_random_forest_175f(30%)_NoBalance,XGBoost,0.842539683,0.975
rev_neg_eicosenoate (20:1),0,TRUE,1,standard_random_forest_175f(30%)_NoBalance,XGBoost,0.842539683,0.975
rev_neg_epiandrosterone sulfate,0,FALSE,1,standard_random_forest_175f(30%)_NoBalance,XGBoost,0.842539683,0.975
rev_neg_erucate (22:1n9),0,FALSE,1,standard_random_forest_175f(30%)_NoBalance,XGBoost,0.842539683,0.975
rev_neg_etiocholanolone glucuronide,0,FALSE,1,standard_random_forest_175f(30%)_NoBalance,XGBoost,0.842539683,0.975
rev_neg_eugenol sulfate,0,FALSE,1,standard_random_forest_175f(30%)_NoBalance,XGBoost,0.842539683,0.975
rev_neg_dihomo-linolenate (20:3n3 or n6),0,TRUE,1,standard_random_forest_175f(30%)_NoBalance,XGBoost,0.842539683,0.975
rev_neg_deoxycholate,0,FALSE,1,standard_random_forest_175f(30%)_NoBalance,XGBoost,0.842539683,0.975
rev_neg_gamma-glutamylisoleucine,0,TRUE,1,standard_random_forest_175f(30%)_NoBalance,XGBoost,0.842539683,0.975
rev_neg_caprylate (8:0),0,FALSE,1,standard_random_forest_175f(30%)_NoBalance,XGBoost,0.842539683,0.975
"rev_neg_bilirubin (E,E)",0,FALSE,1,standard_random_forest_175f(30%)_NoBalance,XGBoost,0.842539683,0.975
"rev_neg_bilirubin (Z,Z)",0,FALSE,1,standard_random_forest_175f(30%)_NoBalance,XGBoost,0.842539683,0.975
rev_pos_pyroglutamine*,0,FALSE,1,standard_random_forest_175f(30%)_NoBalance,XGBoost,0.842539683,0.975
rev_neg_butyrylglycine,0,FALSE,1,standard_random_forest_175f(30%)_NoBalance,XGBoost,0.842539683,0.975
rev_neg_caprate (10:0),0,FALSE,1,standard_random_forest_175f(30%)_NoBalance,XGBoost,0.842539683,0.975
rev_neg_caproate (6:0),0,FALSE,1,standard_random_forest_175f(30%)_NoBalance,XGBoost,0.842539683,0.975
rev_neg_catechol sulfate,0,FALSE,1,standard_random_forest_175f(30%)_NoBalance,XGBoost,0.842539683,0.975
rev_neg_dehydroisoandrosterone sulfate (DHEA-S),0,FALSE,1,standard_random_forest_175f(30%)_NoBalance,XGBoost,0.842539683,0.975
rev_neg_chenodeoxycholate,0,TRUE,1,standard_random_forest_175f(30%)_NoBalance,XGBoost,0.842539683,0.975
rev_neg_citrate,0,FALSE,1,standard_random_forest_175f(30%)_NoBalance,XGBoost,0.842539683,0.975
rev_neg_cortisol,0,FALSE,1,standard_random_forest_175f(30%)_NoBalance,XGBoost,0.842539683,0.975
rev_neg_cortisone,0,TRUE,1,standard_random_forest_175f(30%)_NoBalance,XGBoost,0.842539683,0.975
rev_neg_cysteine s-sulfate,0,FALSE,1,standard_random_forest_175f(30%)_NoBalance,XGBoost,0.842539683,0.975
rev_neg_cytidine,0,FALSE,1,standard_random_forest_175f(30%)_NoBalance,XGBoost,0.842539683,0.975
rev_neg_gamma-CEHC,0,TRUE,1,standard_random_forest_175f(30%)_NoBalance,XGBoost,0.842539683,0.975
rev_neg_gamma-glutamylmethionine,0,FALSE,1,standard_random_forest_175f(30%)_NoBalance,XGBoost,0.842539683,0.975
rev_neg_methyl-4-hydroxybenzoate sulfate,0,TRUE,1,standard_random_forest_175f(30%)_NoBalance,XGBoost,0.842539683,0.975
rev_neg_laurate (12:0),0,FALSE,1,standard_random_forest_175f(30%)_NoBalance,XGBoost,0.842539683,0.975
rev_neg_indoleacetate,0,FALSE,1,standard_random_forest_175f(30%)_NoBalance,XGBoost,0.842539683,0.975
rev_neg_indolelactate,0,TRUE,1,standard_random_forest_175f(30%)_NoBalance,XGBoost,0.842539683,0.975
rev_neg_inosine,0,FALSE,1,standard_random_forest_175f(30%)_NoBalance,XGBoost,0.842539683,0.975
rev_neg_isobutyrylglycine,0,FALSE,1,standard_random_forest_175f(30%)_NoBalance,XGBoost,0.842539683,0.975
rev_neg_isovalerate,0,TRUE,1,standard_random_forest_175f(30%)_NoBalance,XGBoost,0.842539683,0.975
rev_neg_lactate,0,FALSE,1,standard_random_forest_175f(30%)_NoBalance,XGBoost,0.842539683,0.975
rev_neg_linoleate (18:2n6),0,FALSE,1,standard_random_forest_175f(30%)_NoBalance,XGBoost,0.842539683,0.975
rev_neg_homocitrulline,0,FALSE,1,standard_random_forest_175f(30%)_NoBalance,XGBoost,0.842539683,0.975
rev_neg_linolenate [alpha or gamma; (18:3n3 or 6)],0,TRUE,1,standard_random_forest_175f(30%)_NoBalance,XGBoost,0.842539683,0.975
rev_neg_linoleoyl ethanolamide,0,TRUE,1,standard_random_forest_175f(30%)_NoBalance,XGBoost,0.842539683,0.975
rev_neg_malate,0,FALSE,1,standard_random_forest_175f(30%)_NoBalance,XGBoost,0.842539683,0.975
rev_neg_margarate (17:0),0,TRUE,1,standard_random_forest_175f(30%)_NoBalance,XGBoost,0.842539683,0.975
rev_neg_mead acid (20:3n9),0,FALSE,1,standard_random_forest_175f(30%)_NoBalance,XGBoost,0.842539683,0.975
rev_neg_methyl glucopyranoside (alpha + beta),0,FALSE,1,standard_random_forest_175f(30%)_NoBalance,XGBoost,0.842539683,0.975
rev_neg_hypoxanthine,0,TRUE,1,standard_random_forest_175f(30%)_NoBalance,XGBoost,0.842539683,0.975
rev_neg_hippurate,0,FALSE,1,standard_random_forest_175f(30%)_NoBalance,XGBoost,0.842539683,0.975
rev_neg_gamma-glutamyltryptophan,0,TRUE,1,standard_random_forest_175f(30%)_NoBalance,XGBoost,0.842539683,0.975
rev_neg_glycocholate,0,TRUE,1,standard_random_forest_175f(30%)_NoBalance,XGBoost,0.842539683,0.975
rev_neg_gamma-glutamyltyrosine,0,FALSE,1,standard_random_forest_175f(30%)_NoBalance,XGBoost,0.842539683,0.975
rev_neg_glycerol,0,TRUE,1,standard_random_forest_175f(30%)_NoBalance,XGBoost,0.842539683,0.975
rev_neg_glycerophosphoinositol,0,FALSE,1,standard_random_forest_175f(30%)_NoBalance,XGBoost,0.842539683,0.975
rev_neg_glycochenodeoxycholate,0,FALSE,1,standard_random_forest_175f(30%)_NoBalance,XGBoost,0.842539683,0.975
rev_neg_glycochenodeoxycholate glucuronide (1),0,FALSE,1,standard_random_forest_175f(30%)_NoBalance,XGBoost,0.842539683,0.975
rev_neg_glycochenodeoxycholate sulfate,0,FALSE,1,standard_random_forest_175f(30%)_NoBalance,XGBoost,0.842539683,0.975
rev_neg_glycocholenate sulfate,0,FALSE,1,standard_random_forest_175f(30%)_NoBalance,XGBoost,0.842539683,0.975
rev_neg_hexadecanedioate,0,TRUE,1,standard_random_forest_175f(30%)_NoBalance,XGBoost,0.842539683,0.975
rev_neg_glycodeoxycholate,0,FALSE,1,standard_random_forest_175f(30%)_NoBalance,XGBoost,0.842539683,0.975
rev_neg_glycodeoxycholate sulfate,0,FALSE,1,standard_random_forest_175f(30%)_NoBalance,XGBoost,0.842539683,0.975
rev_neg_glycohyocholate,0,FALSE,1,standard_random_forest_175f(30%)_NoBalance,XGBoost,0.842539683,0.975
rev_neg_glycolithocholate sulfate,0,FALSE,1,standard_random_forest_175f(30%)_NoBalance,XGBoost,0.842539683,0.975
rev_neg_glycoursodeoxycholate,0,FALSE,1,standard_random_forest_175f(30%)_NoBalance,XGBoost,0.842539683,0.975
rev_neg_guanosine,0,FALSE,1,standard_random_forest_175f(30%)_NoBalance,XGBoost,0.842539683,0.975
rev_pos_quinolinate,0,FALSE,1,standard_random_forest_175f(30%)_NoBalance,XGBoost,0.842539683,0.975
rev_pos_pimeloylcarnitine/3-methyladipoylcarnitine,0,FALSE,1,standard_random_forest_175f(30%)_NoBalance,XGBoost,0.842539683,0.975
rev_pos_propionylcarnitine,0,FALSE,1,standard_random_forest_175f(30%)_NoBalance,XGBoost,0.842539683,0.975
rev_pos_prolylglycine,0,FALSE,1,standard_random_forest_175f(30%)_NoBalance,XGBoost,0.842539683,0.975
fwd_pos_palmitoylcarnitine,0,TRUE,1,standard_random_forest_175f(30%)_NoBalance,XGBoost,0.842539683,0.975
fwd_pos_palmitoylcholine,0,FALSE,1,standard_random_forest_175f(30%)_NoBalance,XGBoost,0.842539683,0.975
fwd_pos_piperine,0,FALSE,1,standard_random_forest_175f(30%)_NoBalance,XGBoost,0.842539683,0.975
fwd_pos_retinal,0,FALSE,1,standard_random_forest_175f(30%)_NoBalance,XGBoost,0.842539683,0.975
fwd_pos_retinol (Vitamin A),0,FALSE,1,standard_random_forest_175f(30%)_NoBalance,XGBoost,0.842539683,0.975
fwd_pos_spermidine,0,TRUE,1,standard_random_forest_175f(30%)_NoBalance,XGBoost,0.842539683,0.975
fwd_pos_sphinganine,0,FALSE,1,standard_random_forest_175f(30%)_NoBalance,XGBoost,0.842539683,0.975
fwd_pos_sphinganine-1-phosphate,0,FALSE,1,standard_random_forest_175f(30%)_NoBalance,XGBoost,0.842539683,0.975
"fwd_pos_sphingomyelin (d18:1/14:0, d16:1/16:0)",0,FALSE,1,standard_random_forest_175f(30%)_NoBalance,XGBoost,0.842539683,0.975
"fwd_pos_sphingomyelin (d18:1/15:0, d16:1/17:0)",0,TRUE,1,standard_random_forest_175f(30%)_NoBalance,XGBoost,0.842539683,0.975
"fwd_pos_sphingomyelin (d18:1/17:0, d17:1/18:0, d19:1/16:0)",0,FALSE,1,standard_random_forest_175f(30%)_NoBalance,XGBoost,0.842539683,0.975
"fwd_pos_sphingomyelin (d18:1/18:1, d18:2/18:0)",0,FALSE,1,standard_random_forest_175f(30%)_NoBalance,XGBoost,0.842539683,0.975
"fwd_pos_sphingomyelin (d18:1/20:0, d16:1/22:0)",0,FALSE,1,standard_random_forest_175f(30%)_NoBalance,XGBoost,0.842539683,0.975
"fwd_pos_sphingomyelin (d18:1/20:1, d18:2/20:0)",0,FALSE,1,standard_random_forest_175f(30%)_NoBalance,XGBoost,0.842539683,0.975
"fwd_pos_sphingomyelin (d18:1/21:0, d17:1/22:0, d16:1/23:0)",0,FALSE,1,standard_random_forest_175f(30%)_NoBalance,XGBoost,0.842539683,0.975
fwd_pos_palmitoyl sphingomyelin (d18:1/16:0),0,TRUE,1,standard_random_forest_175f(30%)_NoBalance,XGBoost,0.842539683,0.975
fwd_pos_palmitoyl dihydrosphingomyelin (d18:0/16:0),0,FALSE,1,standard_random_forest_175f(30%)_NoBalance,XGBoost,0.842539683,0.975
fwd_pos_palmitoloelycholine,0,FALSE,1,standard_random_forest_175f(30%)_NoBalance,XGBoost,0.842539683,0.975
fwd_pos_myristoylcarnitine,0,TRUE,1,standard_random_forest_175f(30%)_NoBalance,XGBoost,0.842539683,0.975
fwd_pos_glycosyl-N-palmitoyl-sphingosine,0,FALSE,1,standard_random_forest_175f(30%)_NoBalance,XGBoost,0.842539683,0.975
fwd_pos_glycosyl-N-stearoyl-sphingosine,0,FALSE,1,standard_random_forest_175f(30%)_NoBalance,XGBoost,0.842539683,0.975
fwd_pos_heme,0,FALSE,1,standard_random_forest_175f(30%)_NoBalance,XGBoost,0.842539683,0.975
fwd_pos_lactosyl-N-palmitoyl-sphingosine,0,FALSE,1,standard_random_forest_175f(30%)_NoBalance,XGBoost,0.842539683,0.975
fwd_pos_linoleamide (18:2n6),0,FALSE,1,standard_random_forest_175f(30%)_NoBalance,XGBoost,0.842539683,0.975
fwd_pos_linoleoylcarnitine,0,TRUE,1,standard_random_forest_175f(30%)_NoBalance,XGBoost,0.842539683,0.975
fwd_pos_N-palmitoyl-sphinganine (d18:0/16:0),0,FALSE,1,standard_random_forest_175f(30%)_NoBalance,XGBoost,0.842539683,0.975
fwd_pos_palmitoleoylcarnitine,0,TRUE,1,standard_random_forest_175f(30%)_NoBalance,XGBoost,0.842539683,0.975
fwd_pos_N-palmitoyl-sphingosine (d18:1/16:0),0,FALSE,1,standard_random_forest_175f(30%)_NoBalance,XGBoost,0.842539683,0.975
fwd_pos_octanoylcarnitine,0,TRUE,1,standard_random_forest_175f(30%)_NoBalance,XGBoost,0.842539683,0.975
fwd_pos_oleamide,0,FALSE,1,standard_random_forest_175f(30%)_NoBalance,XGBoost,0.842539683,0.975
fwd_pos_oleoyl ethanolamide,0,FALSE,1,standard_random_forest_175f(30%)_NoBalance,XGBoost,0.842539683,0.975
fwd_pos_oleoylcarnitine,0,TRUE,1,standard_random_forest_175f(30%)_NoBalance,XGBoost,0.842539683,0.975
fwd_pos_oleoylcholine,0,TRUE,1,standard_random_forest_175f(30%)_NoBalance,XGBoost,0.842539683,0.975
"fwd_pos_sphingomyelin (d18:1/22:1, d18:2/22:0, d16:1/24:1)",0,FALSE,1,standard_random_forest_175f(30%)_NoBalance,XGBoost,0.842539683,0.975
"fwd_pos_sphingomyelin (d18:1/24:1, d18:2/24:0)",0,TRUE,1,standard_random_forest_175f(30%)_NoBalance,XGBoost,0.842539683,0.975
"fwd_pos_sphingomyelin (d18:2/14:0, d18:1/14:1)",0,FALSE,1,standard_random_forest_175f(30%)_NoBalance,XGBoost,0.842539683,0.975
fwd_neg_allantoin,0,FALSE,1,standard_random_forest_175f(30%)_NoBalance,XGBoost,0.842539683,0.975
fwd_neg_3-hydroxy-3-methylglutarate,0,FALSE,1,standard_random_forest_175f(30%)_NoBalance,XGBoost,0.842539683,0.975
fwd_neg_3-hydroxybutyrate (BHBA),0,TRUE,1,standard_random_forest_175f(30%)_NoBalance,XGBoost,0.842539683,0.975
fwd_neg_3-hydroxyisobutyrate,0,FALSE,1,standard_random_forest_175f(30%)_NoBalance,XGBoost,0.842539683,0.975
fwd_neg_3-methylglutaconate,0,FALSE,1,standard_random_forest_175f(30%)_NoBalance,XGBoost,0.842539683,0.975
fwd_neg_5-acetylamino-6-amino-3-methyluracil,0,FALSE,1,standard_random_forest_175f(30%)_NoBalance,XGBoost,0.842539683,0.975
fwd_neg_alanine,0,FALSE,1,standard_random_forest_175f(30%)_NoBalance,XGBoost,0.842539683,0.975
fwd_neg_alpha-ketoglutarate,0,FALSE,1,standard_random_forest_175f(30%)_NoBalance,XGBoost,0.842539683,0.975
fwd_neg_2-isopropylmalate,0,FALSE,1,standard_random_forest_175f(30%)_NoBalance,XGBoost,0.842539683,0.975
fwd_neg_arabitol/xylitol,0,FALSE,1,standard_random_forest_175f(30%)_NoBalance,XGBoost,0.842539683,0.975
fwd_neg_arabonate/xylonate,0,TRUE,1,standard_random_forest_175f(30%)_NoBalance,XGBoost,0.842539683,0.975
fwd_neg_asparagine,0,FALSE,1,standard_random_forest_175f(30%)_NoBalance,XGBoost,0.842539683,0.975
fwd_neg_citrulline,0,TRUE,1,standard_random_forest_175f(30%)_NoBalance,XGBoost,0.842539683,0.975
fwd_neg_creatine,0,TRUE,1,standard_random_forest_175f(30%)_NoBalance,XGBoost,0.842539683,0.975
fwd_neg_dihydroorotate,0,FALSE,1,standard_random_forest_175f(30%)_NoBalance,XGBoost,0.842539683,0.975
fwd_neg_3-hydroxy-2-ethylpropionate,0,FALSE,1,standard_random_forest_175f(30%)_NoBalance,XGBoost,0.842539683,0.975
fwd_neg_2-hydroxyglutarate,0,FALSE,1,standard_random_forest_175f(30%)_NoBalance,XGBoost,0.842539683,0.975
"fwd_pos_sphingomyelin (d18:2/16:0, d18:1/16:1)",0,FALSE,1,standard_random_forest_175f(30%)_NoBalance,XGBoost,0.842539683,0.975
fwd_pos_tricosanoyl sphingomyelin (d18:1/23:0),0,FALSE,1,standard_random_forest_175f(30%)_NoBalance,XGBoost,0.842539683,0.975
"fwd_pos_sphingomyelin (d18:2/24:1, d18:1/24:2)",0,FALSE,1,standard_random_forest_175f(30%)_NoBalance,XGBoost,0.842539683,0.975
fwd_pos_sphingosine,0,FALSE,1,standard_random_forest_175f(30%)_NoBalance,XGBoost,0.842539683,0.975
fwd_pos_sphingosine 1-phosphate,0,FALSE,1,standard_random_forest_175f(30%)_NoBalance,XGBoost,0.842539683,0.975
fwd_pos_stearamide,0,FALSE,1,standard_random_forest_175f(30%)_NoBalance,XGBoost,0.842539683,0.975
fwd_pos_stearoyl sphingomyelin (d18:1/18:0),0,FALSE,1,standard_random_forest_175f(30%)_NoBalance,XGBoost,0.842539683,0.975
fwd_pos_stearoylcarnitine,0,FALSE,1,standard_random_forest_175f(30%)_NoBalance,XGBoost,0.842539683,0.975
fwd_neg_1-arachidonoyl-GPA (20:4),0,FALSE,1,standard_random_forest_175f(30%)_NoBalance,XGBoost,0.842539683,0.975
fwd_neg_2-hydroxybutyrate/2-hydroxyisobutyrate,0,TRUE,1,standard_random_forest_175f(30%)_NoBalance,XGBoost,0.842539683,0.975
fwd_neg_1-palmitoyl-2-arachidonoyl-GPI (16:0/20:4),0,FALSE,1,standard_random_forest_175f(30%)_NoBalance,XGBoost,0.842539683,0.975
fwd_neg_1-palmitoyl-2-linoleoyl-GPI (16:0/18:2),0,TRUE,1,standard_random_forest_175f(30%)_NoBalance,XGBoost,0.842539683,0.975
fwd_neg_1-palmitoyl-2-oleoyl-GPI (16:0/18:1)*,0,FALSE,1,standard_random_forest_175f(30%)_NoBalance,XGBoost,0.842539683,0.975
fwd_neg_1-stearoyl-2-arachidonoyl-GPI (18:0/20:4),0,FALSE,1,standard_random_forest_175f(30%)_NoBalance,XGBoost,0.842539683,0.975
fwd_neg_1-stearoyl-2-linoleoyl-GPI (18:0/18:2),0,FALSE,1,standard_random_forest_175f(30%)_NoBalance,XGBoost,0.842539683,0.975
"fwd_neg_2,3-dihydroxyisovalerate",0,FALSE,1,standard_random_forest_175f(30%)_NoBalance,XGBoost,0.842539683,0.975
fwd_pos_gamma-tocopherol/beta-tocopherol,0,FALSE,1,standard_random_forest_175f(30%)_NoBalance,XGBoost,0.842539683,0.975
fwd_pos_eicosapentaenoylcholine,0,FALSE,1,standard_random_forest_175f(30%)_NoBalance,XGBoost,0.842539683,0.975
fwd_pos_docosahexaenoylcholine,0,TRUE,1,standard_random_forest_175f(30%)_NoBalance,XGBoost,0.842539683,0.975
fwd_pos_1-oleoyl-2-linoleoyl-glycerol (18:1/18:2),0,TRUE,1,standard_random_forest_175f(30%)_NoBalance,XGBoost,0.842539683,0.975
fwd_pos_1-lignoceroyl-GPC (24:0),0,TRUE,1,standard_random_forest_175f(30%)_NoBalance,XGBoost,0.842539683,0.975
fwd_pos_1-linolenoyl-GPC (18:3),0,TRUE,1,standard_random_forest_175f(30%)_NoBalance,XGBoost,0.842539683,0.975
fwd_pos_1-linoleoyl-2-arachidonoyl-GPC (18:2/20:4n6),0,TRUE,1,standard_random_forest_175f(30%)_NoBalance,XGBoost,0.842539683,0.975
fwd_pos_1-linoleoyl-2-linolenoyl-GPC (18:2/18:3),0,TRUE,1,standard_random_forest_175f(30%)_NoBalance,XGBoost,0.842539683,0.975
fwd_pos_1-linoleoyl-GPC (18:2),0,TRUE,1,standard_random_forest_175f(30%)_NoBalance,XGBoost,0.842539683,0.975
fwd_pos_1-linoleoyl-GPE (18:2),0,TRUE,1,standard_random_forest_175f(30%)_NoBalance,XGBoost,0.842539683,0.975
fwd_pos_1-oleoyl-2-linoleoyl-GPC (18:1/18:2),0,TRUE,1,standard_random_forest_175f(30%)_NoBalance,XGBoost,0.842539683,0.975
fwd_pos_1-arachidonoyl-GPC (20:4n6),0,TRUE,1,standard_random_forest_175f(30%)_NoBalance,XGBoost,0.842539683,0.975
fwd_pos_1-oleoyl-2-linoleoyl-GPE (18:1/18:2),0,TRUE,1,standard_random_forest_175f(30%)_NoBalance,XGBoost,0.842539683,0.975
fwd_pos_1-oleoyl-3-linoleoyl-glycerol (18:1/18:2),0,TRUE,1,standard_random_forest_175f(30%)_NoBalance,XGBoost,0.842539683,0.975
fwd_pos_1-oleoyl-GPC (18:1),0,FALSE,1,standard_random_forest_175f(30%)_NoBalance,XGBoost,0.842539683,0.975
fwd_pos_1-oleoyl-GPE (18:1),0,FALSE,1,standard_random_forest_175f(30%)_NoBalance,XGBoost,0.842539683,0.975
fwd_pos_1-palmitoleoyl-2-linolenoyl-GPC (16:1/18:3),0,FALSE,1,standard_random_forest_175f(30%)_NoBalance,XGBoost,0.842539683,0.975
fwd_pos_1-palmitoleoyl-2-linoleoyl-GPC (16:1/18:2),0,FALSE,1,standard_random_forest_175f(30%)_NoBalance,XGBoost,0.842539683,0.975
fwd_pos_1-arachidonoyl-GPE (20:4n6),0,TRUE,1,standard_random_forest_175f(30%)_NoBalance,XGBoost,0.842539683,0.975
fwd_pos_1-(1-enyl-stearoyl)-2-oleoyl-GPE (P-18:0/18:1),0,TRUE,1,standard_random_forest_175f(30%)_NoBalance,XGBoost,0.842539683,0.975
fwd_pos_1-palmitoleoyl-GPC (16:1),0,TRUE,1,standard_random_forest_175f(30%)_NoBalance,XGBoost,0.842539683,0.975
fwd_pos_1-(1-enyl-palmitoyl)-2-linoleoyl-GPE (P-16:0/18:2),0,FALSE,1,standard_random_forest_175f(30%)_NoBalance,XGBoost,0.842539683,0.975
"fwd_pos_1,2-dipalmitoyl-GPC (16:0/16:0)",0,FALSE,1,standard_random_forest_175f(30%)_NoBalance,XGBoost,0.842539683,0.975
"fwd_pos_1,2-distearoyl-GPC (18:0/18:0)",0,FALSE,1,standard_random_forest_175f(30%)_NoBalance,XGBoost,0.842539683,0.975
fwd_pos_1-(1-enyl-oleoyl)-GPE (P-18:1),0,FALSE,1,standard_random_forest_175f(30%)_NoBalance,XGBoost,0.842539683,0.975
fwd_pos_1-(1-enyl-palmitoyl)-2-arachidonoyl-GPC (P-16:0/20:4),0,FALSE,1,standard_random_forest_175f(30%)_NoBalance,XGBoost,0.842539683,0.975
fwd_pos_1-(1-enyl-palmitoyl)-2-arachidonoyl-GPE (P-16:0/20:4),0,FALSE,1,standard_random_forest_175f(30%)_NoBalance,XGBoost,0.842539683,0.975
fwd_pos_1-(1-enyl-palmitoyl)-2-linoleoyl-GPC (P-16:0/18:2),0,FALSE,1,standard_random_forest_175f(30%)_NoBalance,XGBoost,0.842539683,0.975
fwd_pos_1-(1-enyl-palmitoyl)-2-oleoyl-GPC (P-16:0/18:1),0,TRUE,1,standard_random_forest_175f(30%)_NoBalance,XGBoost,0.842539683,0.975
fwd_pos_1-(1-enyl-stearoyl)-2-linoleoyl-GPE (P-18:0/18:2),0,TRUE,1,standard_random_forest_175f(30%)_NoBalance,XGBoost,0.842539683,0.975
fwd_pos_1-(1-enyl-palmitoyl)-2-oleoyl-GPE (P-16:0/18:1),0,FALSE,1,standard_random_forest_175f(30%)_NoBalance,XGBoost,0.842539683,0.975
fwd_pos_1-(1-enyl-palmitoyl)-2-palmitoleoyl-GPC (P-16:0/16:1),0,FALSE,1,standard_random_forest_175f(30%)_NoBalance,XGBoost,0.842539683,0.975
fwd_pos_1-(1-enyl-palmitoyl)-2-palmitoyl-GPC (P-16:0/16:0),0,FALSE,1,standard_random_forest_175f(30%)_NoBalance,XGBoost,0.842539683,0.975
fwd_pos_1-(1-enyl-palmitoyl)-GPC (P-16:0),0,FALSE,1,standard_random_forest_175f(30%)_NoBalance,XGBoost,0.842539683,0.975
fwd_pos_1-(1-enyl-palmitoyl)-GPE (P-16:0),0,FALSE,1,standard_random_forest_175f(30%)_NoBalance,XGBoost,0.842539683,0.975
fwd_pos_1-(1-enyl-stearoyl)-2-arachidonoyl-GPE (P-18:0/20:4),0,TRUE,1,standard_random_forest_175f(30%)_NoBalance,XGBoost,0.842539683,0.975
fwd_pos_1-palmitoleoyl-3-oleoyl-glycerol (16:1/18:1),0,FALSE,1,standard_random_forest_175f(30%)_NoBalance,XGBoost,0.842539683,0.975
fwd_pos_1-palmitoyl-2-arachidonoyl-GPC (16:0/20:4),0,TRUE,1,standard_random_forest_175f(30%)_NoBalance,XGBoost,0.842539683,0.975
fwd_pos_dihomo-linolenoyl-choline,0,FALSE,1,standard_random_forest_175f(30%)_NoBalance,XGBoost,0.842539683,0.975
fwd_pos_arachidonoylcholine,0,FALSE,1,standard_random_forest_175f(30%)_NoBalance,XGBoost,0.842539683,0.975
fwd_pos_13-HOTrE,0,FALSE,1,standard_random_forest_175f(30%)_NoBalance,XGBoost,0.842539683,0.975
fwd_pos_2-aminooctanoate,0,FALSE,1,standard_random_forest_175f(30%)_NoBalance,XGBoost,0.842539683,0.975
fwd_pos_2-palmitoyl-GPC (16:0),0,FALSE,1,standard_random_forest_175f(30%)_NoBalance,XGBoost,0.842539683,0.975
fwd_pos_4-cholesten-3-one,0,FALSE,1,standard_random_forest_175f(30%)_NoBalance,XGBoost,0.842539683,0.975
fwd_pos_alpha-tocopherol,0,FALSE,1,standard_random_forest_175f(30%)_NoBalance,XGBoost,0.842539683,0.975
fwd_pos_arachidonoyl ethanolamide,0,FALSE,1,standard_random_forest_175f(30%)_NoBalance,XGBoost,0.842539683,0.975
fwd_pos_behenoyl sphingomyelin (d18:1/22:0),0,TRUE,1,standard_random_forest_175f(30%)_NoBalance,XGBoost,0.842539683,0.975
fwd_pos_1-stearoyl-GPC (18:0),0,FALSE,1,standard_random_forest_175f(30%)_NoBalance,XGBoost,0.842539683,0.975
"fwd_pos_bilirubin (E,Z or Z,E)",0,FALSE,1,standard_random_forest_175f(30%)_NoBalance,XGBoost,0.842539683,0.975
fwd_pos_campesterol,0,FALSE,1,standard_random_forest_175f(30%)_NoBalance,XGBoost,0.842539683,0.975
fwd_pos_cholesterol,0,TRUE,1,standard_random_forest_175f(30%)_NoBalance,XGBoost,0.842539683,0.975
fwd_pos_cis-4-decenoyl carnitine,0,FALSE,1,standard_random_forest_175f(30%)_NoBalance,XGBoost,0.842539683,0.975
fwd_pos_decanoylcarnitine,0,TRUE,1,standard_random_forest_175f(30%)_NoBalance,XGBoost,0.842539683,0.975
fwd_pos_delta-tocopherol,0,FALSE,1,standard_random_forest_175f(30%)_NoBalance,XGBoost,0.842539683,0.975
fwd_pos_1-stearoyl-GPE (18:0),0,FALSE,1,standard_random_forest_175f(30%)_NoBalance,XGBoost,0.842539683,0.975
fwd_pos_1-stearoyl-2-oleoyl-GPE (18:0/18:1),0,FALSE,1,standard_random_forest_175f(30%)_NoBalance,XGBoost,0.842539683,0.975
fwd_pos_1-palmitoyl-2-arachidonoyl-GPE (16:0/20:4),0,FALSE,1,standard_random_forest_175f(30%)_NoBalance,XGBoost,0.842539683,0.975
fwd_pos_1-palmitoyl-2-stearoyl-GPC (16:0/18:0),0,FALSE,1,standard_random_forest_175f(30%)_NoBalance,XGBoost,0.842539683,0.975
fwd_pos_1-palmitoyl-2-linoleoyl-glycerol (16:0/18:2),0,FALSE,1,standard_random_forest_175f(30%)_NoBalance,XGBoost,0.842539683,0.975
fwd_pos_1-palmitoyl-2-linoleoyl-GPC (16:0/18:2),0,TRUE,1,standard_random_forest_175f(30%)_NoBalance,XGBoost,0.842539683,0.975
fwd_pos_1-palmitoyl-2-linoleoyl-GPE (16:0/18:2),0,TRUE,1,standard_random_forest_175f(30%)_NoBalance,XGBoost,0.842539683,0.975
fwd_pos_1-palmitoyl-2-oleoyl-GPC (16:0/18:1),0,FALSE,1,standard_random_forest_175f(30%)_NoBalance,XGBoost,0.842539683,0.975
fwd_pos_1-palmitoyl-2-oleoyl-GPE (16:0/18:1),0,FALSE,1,standard_random_forest_175f(30%)_NoBalance,XGBoost,0.842539683,0.975
fwd_pos_1-palmitoyl-2-palmitoleoyl-GPC (16:0/16:1),0,FALSE,1,standard_random_forest_175f(30%)_NoBalance,XGBoost,0.842539683,0.975
fwd_pos_1-palmitoyl-3-linoleoyl-glycerol (16:0/18:2),0,TRUE,1,standard_random_forest_175f(30%)_NoBalance,XGBoost,0.842539683,0.975
fwd_pos_1-stearoyl-2-oleoyl-GPC (18:0/18:1),0,FALSE,1,standard_random_forest_175f(30%)_NoBalance,XGBoost,0.842539683,0.975
fwd_pos_1-palmitoyl-GPC (16:0),0,FALSE,1,standard_random_forest_175f(30%)_NoBalance,XGBoost,0.842539683,0.975
fwd_pos_1-palmitoyl-GPE (16:0),0,FALSE,1,standard_random_forest_175f(30%)_NoBalance,XGBoost,0.842539683,0.975
fwd_pos_1-stearoyl-2-arachidonoyl-GPC (18:0/20:4),0,FALSE,1,standard_random_forest_175f(30%)_NoBalance,XGBoost,0.842539683,0.975
fwd_pos_1-stearoyl-2-arachidonoyl-GPE (18:0/20:4),0,FALSE,1,standard_random_forest_175f(30%)_NoBalance,XGBoost,0.842539683,0.975
fwd_pos_1-stearoyl-2-linoleoyl-GPC (18:0/18:2),0,FALSE,1,standard_random_forest_175f(30%)_NoBalance,XGBoost,0.842539683,0.975
fwd_pos_1-stearoyl-2-linoleoyl-GPE (18:0/18:2),0,FALSE,1,standard_random_forest_175f(30%)_NoBalance,XGBoost,0.842539683,0.975
fwd_neg_erythritol,0,FALSE,1,standard_random_forest_175f(30%)_NoBalance,XGBoost,0.842539683,0.975
fwd_neg_erythronate*,0,FALSE,1,standard_random_forest_175f(30%)_NoBalance,XGBoost,0.842539683,0.975
fwd_neg_ethylmalonate,0,FALSE,1,standard_random_forest_175f(30%)_NoBalance,XGBoost,0.842539683,0.975
rev_pos_glycerol 3-phosphate,0,TRUE,1,standard_random_forest_175f(30%)_NoBalance,XGBoost,0.842539683,0.975
rev_pos_gamma-glutamylphenylalanine,0,FALSE,1,standard_random_forest_175f(30%)_NoBalance,XGBoost,0.842539683,0.975
rev_pos_gamma-glutamylthreonine,0,FALSE,1,standard_random_forest_175f(30%)_NoBalance,XGBoost,0.842539683,0.975
rev_pos_gamma-glutamylvaline,0,FALSE,1,standard_random_forest_175f(30%)_NoBalance,XGBoost,0.842539683,0.975
rev_pos_glutamate,0,FALSE,1,standard_random_forest_175f(30%)_NoBalance,XGBoost,0.842539683,0.975
rev_pos_glutamine,0,FALSE,1,standard_random_forest_175f(30%)_NoBalance,XGBoost,0.842539683,0.975
rev_pos_glutarylcarnitine (C5),0,TRUE,1,standard_random_forest_175f(30%)_NoBalance,XGBoost,0.842539683,0.975
rev_pos_glycine,0,FALSE,1,standard_random_forest_175f(30%)_NoBalance,XGBoost,0.842539683,0.975
rev_pos_gamma-glutamylhistidine,0,FALSE,1,standard_random_forest_175f(30%)_NoBalance,XGBoost,0.842539683,0.975
rev_pos_guanidinosuccinate,0,TRUE,1,standard_random_forest_175f(30%)_NoBalance,XGBoost,0.842539683,0.975
rev_pos_histidine,0,TRUE,1,standard_random_forest_175f(30%)_NoBalance,XGBoost,0.842539683,0.975
rev_pos_homoarginine,0,FALSE,1,standard_random_forest_175f(30%)_NoBalance,XGBoost,0.842539683,0.975
rev_pos_homostachydrine,0,FALSE,1,standard_random_forest_175f(30%)_NoBalance,XGBoost,0.842539683,0.975
rev_pos_hypotaurine,0,FALSE,1,standard_random_forest_175f(30%)_NoBalance,XGBoost,0.842539683,0.975
rev_pos_imidazole propionate,0,FALSE,1,standard_random_forest_175f(30%)_NoBalance,XGBoost,0.842539683,0.975
rev_pos_gamma-glutamylleucine,0,TRUE,1,standard_random_forest_175f(30%)_NoBalance,XGBoost,0.842539683,0.975
rev_pos_gamma-glutamylglycine,0,FALSE,1,standard_random_forest_175f(30%)_NoBalance,XGBoost,0.842539683,0.975
rev_pos_isobutyrylcarnitine,0,FALSE,1,standard_random_forest_175f(30%)_NoBalance,XGBoost,0.842539683,0.975
rev_pos_cystine,0,FALSE,1,standard_random_forest_175f(30%)_NoBalance,XGBoost,0.842539683,0.975
"rev_pos_cys-gly, oxidized",0,FALSE,1,standard_random_forest_175f(30%)_NoBalance,XGBoost,0.842539683,0.975
rev_pos_cystathionine,0,TRUE,1,standard_random_forest_175f(30%)_NoBalance,XGBoost,0.842539683,0.975
rev_pos_cysteine,0,FALSE,1,standard_random_forest_175f(30%)_NoBalance,XGBoost,0.842539683,0.975
rev_pos_cysteine sulfinic acid,0,FALSE,1,standard_random_forest_175f(30%)_NoBalance,XGBoost,0.842539683,0.975
rev_pos_cysteine-glutathione disulfide,0,FALSE,1,standard_random_forest_175f(30%)_NoBalance,XGBoost,0.842539683,0.975
rev_pos_cysteinylglycine,0,FALSE,1,standard_random_forest_175f(30%)_NoBalance,XGBoost,0.842539683,0.975
rev_pos_deoxycarnitine,0,FALSE,1,standard_random_forest_175f(30%)_NoBalance,XGBoost,0.842539683,0.975
rev_pos_gamma-glutamylglutamine,0,FALSE,1,standard_random_forest_175f(30%)_NoBalance,XGBoost,0.842539683,0.975
rev_pos_dimethylglycine,0,FALSE,1,standard_random_forest_175f(30%)_NoBalance,XGBoost,0.842539683,0.975
rev_pos_ectoine,0,FALSE,1,standard_random_forest_175f(30%)_NoBalance,XGBoost,0.842539683,0.975
rev_pos_ergothioneine,0,FALSE,1,standard_random_forest_175f(30%)_NoBalance,XGBoost,0.842539683,0.975
rev_pos_gamma-glutamyl-2-aminobutyrate,0,FALSE,1,standard_random_forest_175f(30%)_NoBalance,XGBoost,0.842539683,0.975
rev_pos_gamma-glutamyl-epsilon-lysine,0,FALSE,1,standard_random_forest_175f(30%)_NoBalance,XGBoost,0.842539683,0.975
rev_pos_gamma-glutamylalanine,0,FALSE,1,standard_random_forest_175f(30%)_NoBalance,XGBoost,0.842539683,0.975
rev_pos_indolepropionate,0,FALSE,1,standard_random_forest_175f(30%)_NoBalance,XGBoost,0.842539683,0.975
rev_pos_isoleucine,0,FALSE,1,standard_random_forest_175f(30%)_NoBalance,XGBoost,0.842539683,0.975
rev_pos_choline phosphate,0,FALSE,1,standard_random_forest_175f(30%)_NoBalance,XGBoost,0.842539683,0.975
"rev_pos_N6,N6,N6-trimethyllysine",0,FALSE,1,standard_random_forest_175f(30%)_NoBalance,XGBoost,0.842539683,0.975
rev_pos_N-methylproline,0,TRUE,1,standard_random_forest_175f(30%)_NoBalance,XGBoost,0.842539683,0.975
rev_pos_N1-Methyl-2-pyridone-5-carboxamide,0,FALSE,1,standard_random_forest_175f(30%)_NoBalance,XGBoost,0.842539683,0.975
rev_pos_N1-methyladenosine,0,FALSE,1,standard_random_forest_175f(30%)_NoBalance,XGBoost,0.842539683,0.975
rev_pos_N1-methylinosine,0,FALSE,1,standard_random_forest_175f(30%)_NoBalance,XGBoost,0.842539683,0.975
"rev_pos_N2,N2-dimethylguanosine",0,FALSE,1,standard_random_forest_175f(30%)_NoBalance,XGBoost,0.842539683,0.975
rev_pos_N4-acetylcytidine,0,FALSE,1,standard_random_forest_175f(30%)_NoBalance,XGBoost,0.842539683,0.975
rev_pos_N6-methyladenosine,0,FALSE,1,standard_random_forest_175f(30%)_NoBalance,XGBoost,0.842539683,0.975
rev_pos_N-acetylputrescine,0,FALSE,1,standard_random_forest_175f(30%)_NoBalance,XGBoost,0.842539683,0.975
rev_pos_nicotinamide,0,FALSE,1,standard_random_forest_175f(30%)_NoBalance,XGBoost,0.842539683,0.975
rev_pos_ornithine,0,FALSE,1,standard_random_forest_175f(30%)_NoBalance,XGBoost,0.842539683,0.975
rev_pos_phenylacetylglutamine,0,FALSE,1,standard_random_forest_175f(30%)_NoBalance,XGBoost,0.842539683,0.975
rev_pos_phenylalanine,0,FALSE,1,standard_random_forest_175f(30%)_NoBalance,XGBoost,0.842539683,0.975
"fwd_pos_1,2-dioleoyl-GPC (18:1/18:1)",0,FALSE,1,standard_random_forest_175f(30%)_NoBalance,XGBoost,0.842539683,0.975
rev_pos_pro-hydroxy-pro,0,TRUE,1,standard_random_forest_175f(30%)_NoBalance,XGBoost,0.842539683,0.975
rev_pos_N-methylpipecolate,0,FALSE,1,standard_random_forest_175f(30%)_NoBalance,XGBoost,0.842539683,0.975
rev_pos_N-acetylproline,0,FALSE,1,standard_random_forest_175f(30%)_NoBalance,XGBoost,0.842539683,0.975
rev_pos_isovalerylcarnitine,0,TRUE,1,standard_random_forest_175f(30%)_NoBalance,XGBoost,0.842539683,0.975
rev_pos_methionine sulfone,0,FALSE,1,standard_random_forest_175f(30%)_NoBalance,XGBoost,0.842539683,0.975
rev_pos_kynurenate,0,FALSE,1,standard_random_forest_175f(30%)_NoBalance,XGBoost,0.842539683,0.975
rev_pos_kynurenine,0,FALSE,1,standard_random_forest_175f(30%)_NoBalance,XGBoost,0.842539683,0.975
rev_pos_leucine,0,FALSE,1,standard_random_forest_175f(30%)_NoBalance,XGBoost,0.842539683,0.975
rev_pos_leucylalanine,0,TRUE,1,standard_random_forest_175f(30%)_NoBalance,XGBoost,0.842539683,0.975
rev_pos_lysine,0,FALSE,1,standard_random_forest_175f(30%)_NoBalance,XGBoost,0.842539683,0.975
rev_pos_methionine,0,FALSE,1,standard_random_forest_175f(30%)_NoBalance,XGBoost,0.842539683,0.975
rev_pos_methionine sulfoxide,0,FALSE,1,standard_random_forest_175f(30%)_NoBalance,XGBoost,0.842539683,0.975
rev_pos_N-acetylneuraminate,0,FALSE,1,standard_random_forest_175f(30%)_NoBalance,XGBoost,0.842539683,0.975
rev_pos_methyl indole-3-acetate,0,FALSE,1,standard_random_forest_175f(30%)_NoBalance,XGBoost,0.842539683,0.975
rev_pos_N-acetyl-1-methylhistidine,0,FALSE,1,standard_random_forest_175f(30%)_NoBalance,XGBoost,0.842539683,0.975
rev_pos_N-acetyl-aspartyl-glutamate (NAAG),0,FALSE,1,standard_random_forest_175f(30%)_NoBalance,XGBoost,0.842539683,0.975
rev_pos_N-acetylarginine,0,TRUE,1,standard_random_forest_175f(30%)_NoBalance,XGBoost,0.842539683,0.975
rev_pos_N-acetylasparagine,0,FALSE,1,standard_random_forest_175f(30%)_NoBalance,XGBoost,0.842539683,0.975
rev_pos_N-acetylcarnosine,0,FALSE,1,standard_random_forest_175f(30%)_NoBalance,XGBoost,0.842539683,0.975
rev_pos_creatinine,0,FALSE,1,standard_random_forest_175f(30%)_NoBalance,XGBoost,0.842539683,0.975
rev_pos_choline,0,FALSE,1,standard_random_forest_175f(30%)_NoBalance,XGBoost,0.842539683,0.975
fwd_neg_fructose,0,FALSE,1,standard_random_forest_175f(30%)_NoBalance,XGBoost,0.842539683,0.975
fwd_neg_N-acetylserine,0,TRUE,1,standard_random_forest_175f(30%)_NoBalance,XGBoost,0.842539683,0.975
fwd_neg_methylmalonate (MMA),0,TRUE,1,standard_random_forest_175f(30%)_NoBalance,XGBoost,0.842539683,0.975
fwd_neg_methylsuccinate,0,TRUE,1,standard_random_forest_175f(30%)_NoBalance,XGBoost,0.842539683,0.975
fwd_neg_myo-inositol,0,TRUE,1,standard_random_forest_175f(30%)_NoBalance,XGBoost,0.842539683,0.975
fwd_neg_N-acetylalanine,0,TRUE,1,standard_random_forest_175f(30%)_NoBalance,XGBoost,0.842539683,0.975
fwd_neg_N-acetylaspartate (NAA),0,TRUE,1,standard_random_forest_175f(30%)_NoBalance,XGBoost,0.842539683,0.975
fwd_neg_N-acetylglutamate,0,TRUE,1,standard_random_forest_175f(30%)_NoBalance,XGBoost,0.842539683,0.975
fwd_neg_N-acetylthreonine,0,FALSE,1,standard_random_forest_175f(30%)_NoBalance,XGBoost,0.842539683,0.975
fwd_neg_mannitol/sorbitol,0,FALSE,1,standard_random_forest_175f(30%)_NoBalance,XGBoost,0.842539683,0.975
fwd_neg_N-delta-acetylornithine,0,FALSE,1,standard_random_forest_175f(30%)_NoBalance,XGBoost,0.842539683,0.975
fwd_neg_orotate,0,TRUE,1,standard_random_forest_175f(30%)_NoBalance,XGBoost,0.842539683,0.975
fwd_neg_orotidine,0,FALSE,1,standard_random_forest_175f(30%)_NoBalance,XGBoost,0.842539683,0.975
fwd_neg_phenylpyruvate,0,FALSE,1,standard_random_forest_175f(30%)_NoBalance,XGBoost,0.842539683,0.975
fwd_neg_pyruvate,0,FALSE,1,standard_random_forest_175f(30%)_NoBalance,XGBoost,0.842539683,0.975
fwd_neg_quinate,0,FALSE,1,standard_random_forest_175f(30%)_NoBalance,XGBoost,0.842539683,0.975
fwd_neg_mannose,0,FALSE,1,standard_random_forest_175f(30%)_NoBalance,XGBoost,0.842539683,0.975
fwd_neg_maltose,0,FALSE,1,standard_random_forest_175f(30%)_NoBalance,XGBoost,0.842539683,0.975
fwd_neg_ribonate,0,FALSE,1,standard_random_forest_175f(30%)_NoBalance,XGBoost,0.842539683,0.975
fwd_neg_glycerate,0,TRUE,1,standard_random_forest_175f(30%)_NoBalance,XGBoost,0.842539683,0.975
fwd_neg_fumarate,0,FALSE,1,standard_random_forest_175f(30%)_NoBalance,XGBoost,0.842539683,0.975
fwd_neg_galactonate,0,FALSE,1,standard_random_forest_175f(30%)_NoBalance,XGBoost,0.842539683,0.975
fwd_neg_gluconate,0,FALSE,1,standard_random_forest_175f(30%)_NoBalance,XGBoost,0.842539683,0.975
fwd_neg_glucose,0,FALSE,1,standard_random_forest_175f(30%)_NoBalance,XGBoost,0.842539683,0.975
fwd_neg_glucuronate,0,FALSE,1,standard_random_forest_175f(30%)_NoBalance,XGBoost,0.842539683,0.975
fwd_neg_glutarate (pentanedioate),0,FALSE,1,standard_random_forest_175f(30%)_NoBalance,XGBoost,0.842539683,0.975
fwd_neg_glycerophosphoethanolamine,0,FALSE,1,standard_random_forest_175f(30%)_NoBalance,XGBoost,0.842539683,0.975
fwd_neg_malonate,0,FALSE,1,standard_random_forest_175f(30%)_NoBalance,XGBoost,0.842539683,0.975
fwd_neg_glycerophosphorylcholine (GPC),0,FALSE,1,standard_random_forest_175f(30%)_NoBalance,XGBoost,0.842539683,0.975
fwd_neg_guanidinoacetate,0,FALSE,1,standard_random_forest_175f(30%)_NoBalance,XGBoost,0.842539683,0.975
fwd_neg_gulonic acid*,0,FALSE,1,standard_random_forest_175f(30%)_NoBalance,XGBoost,0.842539683,0.975
fwd_neg_hydantoin-5-propionic acid,0,FALSE,1,standard_random_forest_175f(30%)_NoBalance,XGBoost,0.842539683,0.975
fwd_neg_imidazole lactate,0,FALSE,1,standard_random_forest_175f(30%)_NoBalance,XGBoost,0.842539683,0.975
fwd_neg_maleate,0,TRUE,1,standard_random_forest_175f(30%)_NoBalance,XGBoost,0.842539683,0.975
fwd_neg_ribitol,0,FALSE,1,standard_random_forest_175f(30%)_NoBalance,XGBoost,0.842539683,0.975
fwd_neg_salicylate,0,FALSE,1,standard_random_forest_175f(30%)_NoBalance,XGBoost,0.842539683,0.975
rev_pos_carnitine,0,FALSE,1,standard_random_forest_175f(30%)_NoBalance,XGBoost,0.842539683,0.975
rev_pos_adipate,0,FALSE,1,standard_random_forest_175f(30%)_NoBalance,XGBoost,0.842539683,0.975
rev_pos_5-methylthioadenosine (MTA),0,FALSE,1,standard_random_forest_175f(30%)_NoBalance,XGBoost,0.842539683,0.975
rev_pos_7-methylguanine,0,FALSE,1,standard_random_forest_175f(30%)_NoBalance,XGBoost,0.842539683,0.975
rev_pos_7-methylxanthine,0,TRUE,1,standard_random_forest_175f(30%)_NoBalance,XGBoost,0.842539683,0.975
rev_pos_acetylcarnitine,0,FALSE,1,standard_random_forest_175f(30%)_NoBalance,XGBoost,0.842539683,0.975
rev_pos_adenine,0,FALSE,1,standard_random_forest_175f(30%)_NoBalance,XGBoost,0.842539683,0.975
rev_pos_adenosine,0,FALSE,1,standard_random_forest_175f(30%)_NoBalance,XGBoost,0.842539683,0.975
rev_pos_adipoylcarnitine,0,FALSE,1,standard_random_forest_175f(30%)_NoBalance,XGBoost,0.842539683,0.975
rev_pos_5-hydroxyindoleacetate,0,FALSE,1,standard_random_forest_175f(30%)_NoBalance,XGBoost,0.842539683,0.975
rev_pos_ADSGEGDFXAEGGGVR,0,FALSE,1,standard_random_forest_175f(30%)_NoBalance,XGBoost,0.842539683,0.975
rev_pos_arginine,0,FALSE,1,standard_random_forest_175f(30%)_NoBalance,XGBoost,0.842539683,0.975
rev_pos_beta-alanine,0,FALSE,1,standard_random_forest_175f(30%)_NoBalance,XGBoost,0.842539683,0.975
rev_pos_betaine,0,FALSE,1,standard_random_forest_175f(30%)_NoBalance,XGBoost,0.842539683,0.975
rev_pos_butyrylcarnitine,0,TRUE,1,standard_random_forest_175f(30%)_NoBalance,XGBoost,0.842539683,0.975
rev_pos_caffeine,0,FALSE,1,standard_random_forest_175f(30%)_NoBalance,XGBoost,0.842539683,0.975
rev_pos_5-hydroxylysine,0,FALSE,1,standard_random_forest_175f(30%)_NoBalance,XGBoost,0.842539683,0.975
rev_pos_4-imidazoleacetate,0,TRUE,1,standard_random_forest_175f(30%)_NoBalance,XGBoost,0.842539683,0.975
fwd_neg_serine,0,TRUE,1,standard_random_forest_175f(30%)_NoBalance,XGBoost,0.842539683,0.975
rev_pos_2-aminoheptanoate,0,TRUE,1,standard_random_forest_175f(30%)_NoBalance,XGBoost,0.842539683,0.975
fwd_neg_succinate,0,TRUE,1,standard_random_forest_175f(30%)_NoBalance,XGBoost,0.842539683,0.975
fwd_neg_threonate,0,TRUE,1,standard_random_forest_175f(30%)_NoBalance,XGBoost,0.842539683,0.975
fwd_neg_trans-4-hydroxyproline,0,TRUE,1,standard_random_forest_175f(30%)_NoBalance,XGBoost,0.842539683,0.975
rev_pos_1-methylguanidine,0,TRUE,1,standard_random_forest_175f(30%)_NoBalance,XGBoost,0.842539683,0.975
rev_pos_1-methylimidazoleacetate,0,TRUE,1,standard_random_forest_175f(30%)_NoBalance,XGBoost,0.842539683,0.975
rev_pos_1-methylnicotinamide,0,TRUE,1,standard_random_forest_175f(30%)_NoBalance,XGBoost,0.842539683,0.975
rev_pos_2-methylbutyrylcarnitine (C5),0,TRUE,1,standard_random_forest_175f(30%)_NoBalance,XGBoost,0.842539683,0.975
rev_pos_4-guanidinobutanoate,0,FALSE,1,standard_random_forest_175f(30%)_NoBalance,XGBoost,0.842539683,0.975
rev_pos_2-methylmalonyl carnitine,0,TRUE,1,standard_random_forest_175f(30%)_NoBalance,XGBoost,0.842539683,0.975
rev_pos_2-piperidinone,0,TRUE,1,standard_random_forest_175f(30%)_NoBalance,XGBoost,0.842539683,0.975
rev_pos_3-aminoisobutyrate,0,TRUE,1,standard_random_forest_175f(30%)_NoBalance,XGBoost,0.842539683,0.975
rev_pos_3-methoxytyrosine,0,TRUE,1,standard_random_forest_175f(30%)_NoBalance,XGBoost,0.842539683,0.975
rev_pos_3-methylglutarylcarnitine (2),0,TRUE,1,standard_random_forest_175f(30%)_NoBalance,XGBoost,0.842539683,0.975
rev_pos_3-ureidopropionate,0,TRUE,1,standard_random_forest_175f(30%)_NoBalance,XGBoost,0.842539683,0.975
rev_neg_xanthine,0,TRUE,1,standard_random_forest_175f(30%)_NoBalance,XGBoost,0.842539683,0.975
